{"metadata":{"asset_id":"6f121379-7868-4c82-a842-663c24087bf6","asset_attributes":["data_asset"],"name":"matchesf.csv","asset_type":"data_asset","created_at":"2021-07-20T18:10:40Z","description":"","origin_country":"us","owner_id":"IBMid-6620027X3Z","project_id":"bd8b856e-1d9b-40e2-b0fd-adbd703d8e0a","size":141085,"tags":[],"usage":{"last_update_time":1626818704252,"last_updated_at":"2021-07-20T22:05:04Z"}},"entity":{"data_asset":{"mime_type":"text/csv","dataset":false,"schema":{"etag":"\"f0e5947cc18bfc14229ae048d5b55a3a\"","valid_since":"Tue, 20 Jul 2021 21:07:07 GMT","fields":[{"name":"id","type":"string","format":"default"},{"name":"season","type":"year","format":"default"},{"name":"city","type":"string","format":"default"},{"name":"date","type":"string","format":"default"},{"name":"team1","type":"string","format":"default"},{"name":"team2","type":"string","format":"default"},{"name":"toss_winner","type":"string","format":"default"},{"name":"toss_decision","type":"string","format":"default"},{"name":"result","type":"string","format":"default"},{"name":"dl_applied","type":"integer","format":"default"},{"name":"winner","type":"string","format":"default"},{"name":"win_by_runs","type":"integer","format":"default"},{"name":"win_by_wickets","type":"integer","format":"default"},{"name":"player_of_match","type":"string","format":"default"},{"name":"venue","type":"string","format":"default"},{"name":"umpire1","type":"string","format":"default"},{"name":"umpire2","type":"string","format":"default"},{"name":"umpire3","type":"string","format":"default"}]}}},"attachments":[{"id":"8108feee-04d2-4bf6-baa0-d949988ee359","version":2,"asset_type":"data_asset","name":"matchesf.csv","mime":"text/csv","datasource_type":"193a97c1-4475-4a19-b90c-295c4fdc6517","object_key":"matchesf.csv","creator_id":"IBMid-6620027X3Z","create_time":1626804640919,"size":141085,"is_remote":false,"is_managed":false,"is_referenced":true,"is_object_key_read_only":true,"is_user_provided_path_key":true,"transfer_complete":true,"is_partitioned":false,"complete_time_ticks":1626804640919,"user_data":{},"test_doc":0,"handle":{"bucket":"superipl-donotdelete-pr-ss2zwwoxdnvctl","location":"eu-geo","key":"matchesf.csv","upload_id":"done","max_part_num":1},"usage":{"access_count":0,"last_accessor_id":"IBMid-6620027X3Z","last_access_time":1626804640919}}]}
