{"metadata":{"asset_id":"b03317e0-40c5-4fcd-8f5b-93fab60db6b2","asset_attributes":["data_asset"],"name":"matches1_csv_shaped","asset_type":"data_asset","created_at":"2021-07-20T10:35:29Z","description":"","origin_country":"us","owner_id":"IBMid-6620027X3Z","project_id":"bd8b856e-1d9b-40e2-b0fd-adbd703d8e0a","size":172542,"tags":[],"usage":{"last_update_time":1626818704293,"last_updated_at":"2021-07-20T22:05:04Z"}},"entity":{"data_asset":{"mime_type":"text/csv","dataset":true,"schema":{"etag":"\"97bd6f9eb7f4191ec56f9ad86511e02b\"","valid_since":"Tue, 20 Jul 2021 21:07:07 GMT","fields":[{"name":"id","type":"string","format":"default"},{"name":"season","type":"year","format":"default"},{"name":"city","type":"string","format":"default"},{"name":"date","type":"date","format":"default"},{"name":"team1","type":"string","format":"default"},{"name":"team2","type":"string","format":"default"},{"name":"toss_winner","type":"string","format":"default"},{"name":"toss_decision","type":"string","format":"default"},{"name":"result","type":"string","format":"default"},{"name":"dl_applied","type":"integer","format":"default"},{"name":"winner","type":"string","format":"default"},{"name":"win_by_runs","type":"integer","format":"default"},{"name":"win_by_wickets","type":"integer","format":"default"},{"name":"player_of_match","type":"string","format":"default"},{"name":"venue","type":"string","format":"default"},{"name":"umpire1","type":"string","format":"default"},{"name":"umpire2","type":"string","format":"default"},{"name":"umpire3","type":"string","format":"default"},{"name":"toss=winner","type":"integer","format":"default"},{"name":"Batting/Fielding","type":"integer","format":"default"}]}}},"attachments":[{"id":"b0fa1b09-43ce-4111-a6c9-6884701cd307","version":2,"asset_type":"data_asset","name":"matches1_csv_shaped","mime":"text/csv","datasource_type":"193a97c1-4475-4a19-b90c-295c4fdc6517","object_key":"data_asset/matches1_csv_shaped_9wzr8ptfq6os7n6z1g5dahr78","creator_id":"iam-ServiceId-f49c5558-c247-4983-a04f-7d3c7a3d55da","create_time":1626777329650,"size":172542,"is_remote":false,"is_managed":false,"is_referenced":true,"is_object_key_read_only":false,"is_user_provided_path_key":true,"transfer_complete":true,"is_partitioned":false,"complete_time_ticks":1626777329650,"user_data":{},"test_doc":0,"handle":{"bucket":"superipl-donotdelete-pr-ss2zwwoxdnvctl","location":"eu-geo","key":"data_asset/matches1_csv_shaped_9wzr8ptfq6os7n6z1g5dahr78","upload_id":"done","max_part_num":1},"usage":{"access_count":0,"last_accessor_id":"iam-ServiceId-f49c5558-c247-4983-a04f-7d3c7a3d55da","last_access_time":1626777329650}}]}
