{"metadata":{"asset_id":"4c3f95e6-10fe-4137-938d-8d0c013763a2","asset_attributes":["data_asset"],"name":"matches1.csv","asset_type":"data_asset","created_at":"2021-07-20T10:35:29Z","description":"","origin_country":"us","owner_id":"IBMid-6620027X3Z","project_id":"bd8b856e-1d9b-40e2-b0fd-adbd703d8e0a","size":140113,"tags":[],"usage":{"last_update_time":1626818704288,"last_updated_at":"2021-07-20T22:05:04Z"}},"entity":{"data_asset":{"mime_type":"text/csv","dataset":false,"schema":{"etag":"\"5e5d92d1f3e4be1c94721821dd1e1881\"","valid_since":"Tue, 20 Jul 2021 21:07:07 GMT","fields":[{"name":"id","type":"string","format":"default"},{"name":"season","type":"year","format":"default"},{"name":"city","type":"string","format":"default"},{"name":"date","type":"date","format":"default"},{"name":"team1","type":"string","format":"default"},{"name":"team2","type":"string","format":"default"},{"name":"toss_winner","type":"string","format":"default"},{"name":"toss_decision","type":"string","format":"default"},{"name":"result","type":"string","format":"default"},{"name":"dl_applied","type":"integer","format":"default"},{"name":"winner","type":"string","format":"default"},{"name":"win_by_runs","type":"integer","format":"default"},{"name":"win_by_wickets","type":"integer","format":"default"},{"name":"player_of_match","type":"string","format":"default"},{"name":"venue","type":"string","format":"default"},{"name":"umpire1","type":"string","format":"default"},{"name":"umpire2","type":"string","format":"default"},{"name":"umpire3","type":"string","format":"default"}]}}},"attachments":[{"id":"822e9124-0ca4-4c1a-a01e-a9d090658ddb","version":2,"asset_type":"data_asset","name":"matches1.csv","mime":"text/csv","datasource_type":"193a97c1-4475-4a19-b90c-295c4fdc6517","object_key":"matches1.csv","creator_id":"iam-ServiceId-f49c5558-c247-4983-a04f-7d3c7a3d55da","create_time":1626777329757,"size":140113,"is_remote":false,"is_managed":false,"is_referenced":true,"is_object_key_read_only":false,"is_user_provided_path_key":true,"transfer_complete":true,"is_partitioned":false,"complete_time_ticks":1626777329757,"user_data":{},"test_doc":0,"handle":{"bucket":"superipl-donotdelete-pr-ss2zwwoxdnvctl","location":"eu-geo","key":"matches1.csv","upload_id":"done","max_part_num":1},"usage":{"access_count":0,"last_accessor_id":"iam-ServiceId-f49c5558-c247-4983-a04f-7d3c7a3d55da","last_access_time":1626777329757}}]}
