{"metadata":{"asset_id":"48e778b0-724f-46b8-8037-1ea2661b8cd7","asset_attributes":["data_asset"],"name":"umpire.csv","asset_type":"data_asset","created_at":"2021-07-20T10:35:29Z","description":"","origin_country":"us","owner_id":"IBMid-6620027X3Z","project_id":"bd8b856e-1d9b-40e2-b0fd-adbd703d8e0a","size":19050,"tags":[],"usage":{"last_update_time":1626818704286,"last_updated_at":"2021-07-20T22:05:04Z"}},"entity":{"data_asset":{"mime_type":"text/csv","dataset":false,"schema":{"etag":"\"df9419fac3263c2469b02ed81f00b333\"","valid_since":"Tue, 20 Jul 2021 21:07:07 GMT","fields":[{"name":"umpires","type":"string","format":"default"},{"name":"NONAME_COL2","type":"string","format":"default"}]}}},"attachments":[{"id":"a157520c-fc82-4286-9955-935587a83d44","version":2,"asset_type":"data_asset","name":"umpire.csv","mime":"text/csv","datasource_type":"193a97c1-4475-4a19-b90c-295c4fdc6517","object_key":"umpire.csv","creator_id":"iam-ServiceId-f49c5558-c247-4983-a04f-7d3c7a3d55da","create_time":1626777329855,"size":19050,"is_remote":false,"is_managed":false,"is_referenced":true,"is_object_key_read_only":false,"is_user_provided_path_key":true,"transfer_complete":true,"is_partitioned":false,"complete_time_ticks":1626777329855,"user_data":{},"test_doc":0,"handle":{"bucket":"superipl-donotdelete-pr-ss2zwwoxdnvctl","location":"eu-geo","key":"umpire.csv","upload_id":"done","max_part_num":1},"usage":{"access_count":0,"last_accessor_id":"iam-ServiceId-f49c5558-c247-4983-a04f-7d3c7a3d55da","last_access_time":1626777329855}}]}
