{"metadata":{"asset_id":"a1500342-05dc-45f2-af6c-f2c236729582","asset_attributes":["data_asset"],"name":"matches.csv","asset_type":"data_asset","created_at":"2021-07-20T10:35:29Z","description":"","origin_country":"us","owner_id":"IBMid-6620027X3Z","project_id":"bd8b856e-1d9b-40e2-b0fd-adbd703d8e0a","size":140113,"tags":[],"usage":{"last_update_time":1626777330143,"last_updated_at":"2021-07-20T10:35:30Z"}},"entity":{"data_asset":{"mime_type":"text/csv","dataset":false}},"attachments":[{"id":"b570b8d7-4364-40fa-9a32-3b29b45fee1e","version":2,"asset_type":"data_asset","name":"matches.csv","mime":"text/csv","datasource_type":"193a97c1-4475-4a19-b90c-295c4fdc6517","object_key":"matches.csv","creator_id":"iam-ServiceId-f49c5558-c247-4983-a04f-7d3c7a3d55da","create_time":1626777329990,"size":140113,"is_remote":false,"is_managed":false,"is_referenced":true,"is_object_key_read_only":false,"is_user_provided_path_key":true,"transfer_complete":true,"is_partitioned":false,"complete_time_ticks":1626777329990,"user_data":{},"test_doc":0,"handle":{"bucket":"superipl-donotdelete-pr-ss2zwwoxdnvctl","location":"eu-geo","key":"matches.csv","upload_id":"done","max_part_num":1},"usage":{"access_count":0,"last_accessor_id":"iam-ServiceId-f49c5558-c247-4983-a04f-7d3c7a3d55da","last_access_time":1626777329990}}]}
