{"metadata":{"asset_id":"fe4a866c-62c5-4acc-871b-438b57b626dc","asset_attributes":["data_flow"],"name":"matches1.csv_flow","asset_type":"data_flow","created_at":"2021-07-20T10:35:31Z","description":"","origin_country":"us","owner_id":"IBMid-6620027X3Z","project_id":"bd8b856e-1d9b-40e2-b0fd-adbd703d8e0a","size":4213,"tags":[],"usage":{"last_update_time":1626777331988,"last_updated_at":"2021-07-20T10:35:31Z"}},"entity":{"data_flow":{"_entity_only":false}},"attachments":[{"id":"0888cddb-7a1a-4c9d-9a4f-32dae1061fd0","version":2,"asset_type":"data_flow","name":"data_flow","description":"","mime":"application/json","datasource_type":"193a97c1-4475-4a19-b90c-295c4fdc6517","object_key":"data_flow/matches1.csv_flow","creator_id":"iam-ServiceId-f49c5558-c247-4983-a04f-7d3c7a3d55da","create_time":1626777331828,"size":4213,"is_remote":false,"is_managed":false,"is_referenced":true,"is_object_key_read_only":false,"is_user_provided_path_key":true,"transfer_complete":true,"is_partitioned":false,"complete_time_ticks":1626777331828,"user_data":{},"test_doc":0,"handle":{"bucket":"superipl-donotdelete-pr-ss2zwwoxdnvctl","location":"eu-geo","key":"data_flow/matches1.csv_flow","upload_id":"done","max_part_num":1},"usage":{"access_count":0,"last_accessor_id":"iam-ServiceId-f49c5558-c247-4983-a04f-7d3c7a3d55da","last_access_time":1626777331828}}]}
