{"metadata":{"asset_id":"580f2ac1-0dc8-40c6-a1a6-1b840fe9b832","asset_attributes":["job"],"name":"new1","asset_type":"job","created_at":"2021-07-20T10:35:33Z","description":"","origin_country":"us","owner_id":"IBMid-6620027X3Z","project_id":"bd8b856e-1d9b-40e2-b0fd-adbd703d8e0a","size":0,"tags":[],"usage":{"last_update_time":1626777333837,"last_updated_at":"2021-07-20T10:35:33Z"}},"entity":{"job":{"asset_ref_type":"data_flow","configuration":{"env_id":"shaper_rruntime","env_name":"Default Data Refinery XS","env_type":"shaper_rruntime","env_variables":[]},"last_run_initiator":"None","last_run_time":"","last_run_status":"None","last_run_status_timestamp":0,"future_scheduled_runs":[],"enable_notifications":true,"project_name":"super ipl","asset_ref":"fe4a866c-62c5-4acc-871b-438b57b626dc","schedule_id":"","schedule_creator_id":""}}}
