{"metadata":{"asset_id":"c872144d-4caf-43d3-9e4b-bedaa671f762","asset_attributes":["wml_model"],"name":"Toss Winner Prediction","asset_type":"wml_model","created_at":"2021-07-20T10:35:30Z","description":"","origin_country":"us","owner_id":"IBMid-6620027X3Z","project_id":"bd8b856e-1d9b-40e2-b0fd-adbd703d8e0a","sandbox_id":"bd8b856e-1d9b-40e2-b0fd-adbd703d8e0a","size":34983,"tags":[],"usage":{"last_update_time":1626777331614,"last_updated_at":"2021-07-20T10:35:31Z"}},"entity":{"wml_model":{"hybrid_pipeline_software_specs":[{"base_id":"a545cca3-02df-5c61-9e88-998b09dc79af","name":"autoai-kb_3.3-py3.7"}],"label_column":"toss_decision","pipeline":{"id":"1ac6e116-d078-4cd7-830a-1627b9decedf"},"ml_version":"4.0.9","type":"wml-hybrid_0.1","schemas":{"input":[{"fields":[{"name":"id","type":"integer"},{"name":"season","type":"integer"},{"name":"city","type":"other"},{"name":"date","type":"other"},{"name":"team1","type":"other"},{"name":"team2","type":"other"},{"name":"toss_winner","type":"other"},{"name":"result","type":"other"},{"name":"dl_applied","type":"integer"},{"name":"winner","type":"other"},{"name":"win_by_runs","type":"integer"},{"name":"win_by_wickets","type":"integer"},{"name":"player_of_match","type":"other"},{"name":"venue","type":"other"},{"name":"umpire1","type":"other"},{"name":"umpire2","type":"other"},{"name":"umpire3","type":"other"}],"id":"auto_ai_kb_input_schema"}],"output":[]},"content_location":{"connection":{"access_key_id":"4952bc0055264505adeb6577966e421b","endpoint_url":"https://s3.eu.cloud-object-storage.appdomain.cloud","secret_access_key":"8ac0c48ca4fcaa37ffd623054ee0a5f97d749b1873a60fc2","accessKeyId":"4952bc0055264505adeb6577966e421b"},"contents":[{"content_format":"pipeline-node","file_name":"P1_automl.zip","location":"auto_ml/ebf012f6-d7f1-4bc0-944c-f7301fa239b7/wml_data/422dfbce-9158-4409-9460-1eac891e318e/assets/422dfbce-9158-4409-9460-1eac891e318e_P1_pre_hpo_d_output/resources/wml_model/P1_automl.zip","pipeline_node_id":"automl"},{"content_format":"native","file_name":"pipeline_model.json","location":"auto_ml/ebf012f6-d7f1-4bc0-944c-f7301fa239b7/wml_data/422dfbce-9158-4409-9460-1eac891e318e/assets/422dfbce-9158-4409-9460-1eac891e318e_P1_pre_hpo_d_output/resources/wml_model/pipeline_model.json"}],"location":{"path":"auto_ml/ebf012f6-d7f1-4bc0-944c-f7301fa239b7/wml_data","notebooks_path":"auto_ml/ebf012f6-d7f1-4bc0-944c-f7301fa239b7/wml_data/422dfbce-9158-4409-9460-1eac891e318e/notebooks","training":"auto_ml/ebf012f6-d7f1-4bc0-944c-f7301fa239b7/wml_data/422dfbce-9158-4409-9460-1eac891e318e","training_status":"auto_ml/ebf012f6-d7f1-4bc0-944c-f7301fa239b7/wml_data/422dfbce-9158-4409-9460-1eac891e318e/training-status.json","bucket":"superiplprediction-donotdelete-pr-jqqtnnxbizmfsh","type":"s3","assets_path":"auto_ml/ebf012f6-d7f1-4bc0-944c-f7301fa239b7/wml_data/422dfbce-9158-4409-9460-1eac891e318e/assets"},"type":"s3"},"training_data_references":[{"connection":{"endpoint_url":"https://s3.eu.cloud-object-storage.appdomain.cloud","auth_endpoint":"https://iam.bluemix.net/oidc/token/","api_key":"IU_5TjUeadzvlnzVJivgVCspKOq3xQDIZqS6xxOTZ8xs","secret_access_key":"8ac0c48ca4fcaa37ffd623054ee0a5f97d749b1873a60fc2","access_key_id":"4952bc0055264505adeb6577966e421b","service_instance_id":"iam-ServiceId-c6489a73-b334-4a5d-bcce-1f9d8ab256be"},"location":{"bucket":"superiplprediction-donotdelete-pr-jqqtnnxbizmfsh","path":"matches.csv","type":"s3"},"schema":{"fields":[{"name":"id","type":"integer"},{"name":"season","type":"integer"},{"name":"city","type":"other"},{"name":"date","type":"other"},{"name":"team1","type":"other"},{"name":"team2","type":"other"},{"name":"toss_winner","type":"other"},{"name":"result","type":"other"},{"name":"dl_applied","type":"integer"},{"name":"winner","type":"other"},{"name":"win_by_runs","type":"integer"},{"name":"win_by_wickets","type":"integer"},{"name":"player_of_match","type":"other"},{"name":"venue","type":"other"},{"name":"umpire1","type":"other"},{"name":"umpire2","type":"other"},{"name":"umpire3","type":"other"},{"name":"toss_decision","type":"other"}],"id":"auto_ai_kb_input_schema"},"type":"s3"}],"software_spec":{"base_id":"8c1a58c6-62b5-4dc4-987a-df751c2756b6","name":"hybrid_0.1"},"content_import_state":"completed"}},"attachments":[{"id":"6e92dbcf-964d-4a2e-9ba4-e405fc4cbb06","version":2,"asset_type":"wml_model","name":"P1_automl.zip","datasource_type":"193a97c1-4475-4a19-b90c-295c4fdc6517","object_key":"c971800f-edce-4e03-9398-217254d64b43/b224ef01-52b6-4d5b-82f2-d6957f794fb1/6d0820dd-deba-4581-af02-42c431a2334a","creator_id":"iam-ServiceId-f49c5558-c247-4983-a04f-7d3c7a3d55da","create_time":1626777331229,"size":33242,"is_remote":false,"is_managed":false,"is_referenced":true,"is_object_key_read_only":false,"is_user_provided_path_key":true,"transfer_complete":true,"is_partitioned":false,"complete_time_ticks":1626777331229,"user_data":{"content_format":"pipeline-node","pipeline_node_id":"automl"},"test_doc":0,"handle":{"bucket":"superipl-donotdelete-pr-ss2zwwoxdnvctl","location":"eu-geo","key":"c971800f-edce-4e03-9398-217254d64b43/b224ef01-52b6-4d5b-82f2-d6957f794fb1/6d0820dd-deba-4581-af02-42c431a2334a","upload_id":"done","max_part_num":1},"usage":{"access_count":0,"last_accessor_id":"iam-ServiceId-f49c5558-c247-4983-a04f-7d3c7a3d55da","last_access_time":1626777331229}},{"id":"11421852-4efd-4dc3-bab7-40adc1c7229c","version":2,"asset_type":"wml_model","name":"pipeline_model.json","datasource_type":"193a97c1-4475-4a19-b90c-295c4fdc6517","object_key":"c971800f-edce-4e03-9398-217254d64b43/b224ef01-52b6-4d5b-82f2-d6957f794fb1/59834c5b-a48a-45be-8d26-a7fd3788d0fd","creator_id":"iam-ServiceId-f49c5558-c247-4983-a04f-7d3c7a3d55da","create_time":1626777331257,"size":1741,"is_remote":false,"is_managed":false,"is_referenced":true,"is_object_key_read_only":false,"is_user_provided_path_key":true,"transfer_complete":true,"is_partitioned":false,"complete_time_ticks":1626777331257,"user_data":{"content_format":"native"},"test_doc":0,"handle":{"bucket":"superipl-donotdelete-pr-ss2zwwoxdnvctl","location":"eu-geo","key":"c971800f-edce-4e03-9398-217254d64b43/b224ef01-52b6-4d5b-82f2-d6957f794fb1/59834c5b-a48a-45be-8d26-a7fd3788d0fd","upload_id":"done","max_part_num":1},"usage":{"access_count":0,"last_accessor_id":"iam-ServiceId-f49c5558-c247-4983-a04f-7d3c7a3d55da","last_access_time":1626777331257}}]}
