{"metadata":{"asset_id":"da044b32-1158-48b3-b27d-fb913a762c1b","asset_attributes":["wml_pipeline"],"name":"Super IPL Prediction","asset_type":"wml_pipeline","created_at":"2021-07-20T10:35:30Z","description":"","origin_country":"us","owner_id":"IBMid-6620027X3Z","project_id":"bd8b856e-1d9b-40e2-b0fd-adbd703d8e0a","sandbox_id":"bd8b856e-1d9b-40e2-b0fd-adbd703d8e0a","size":0,"tags":[],"usage":{"last_update_time":1626777330494,"last_updated_at":"2021-07-20T10:35:30Z"}},"entity":{"wml_pipeline":{"document":{"doc_type":"pipeline","pipelines":[{"id":"autoai","nodes":[{"id":"automl","op":"kube","parameters":{"output_logs":true,"input_file_separator":",","stage_flag":true,"optimization":{"compute_pipeline_notebooks_flag":true,"daub_adaptive_subsampling_max_mem_usage":15000000000,"daub_include_only_estimators":["XGBClassifierEstimator","DecisionTreeClassifierEstimator"],"holdout_param":0.1,"label":"winner","learning_type":"classification","max_num_daub_ensembles":1,"run_cognito_flag":true,"scorer_for_ranking":"accuracy","train_sample_columns_index_list":[4,5,6,7,10,13,14,15]},"n_parallel_data_connections":15,"one_vs_all_file":true},"runtime_ref":"autoai","type":"execution_node"}],"runtime_ref":"hybrid"}],"primary_pipeline":"autoai","runtimes":[{"app_data":{"wml_data":{"hardware_spec":{"base_id":"a6c4923b-b8e4-444c-9f43-8a7ec3020110","name":"L"}}},"id":"autoai","name":"auto_ai.kb"}],"version":"2.0"},"ml_version":"4.0.0"}}}
