{"metadata":{"asset_id":"8c79fe10-aa99-4e87-93ed-33fb2bd30800","asset_attributes":["wml_model"],"name":"Match Winning Prediction","asset_type":"wml_model","created_at":"2021-07-20T10:35:30Z","description":"","origin_country":"us","owner_id":"IBMid-6620027X3Z","project_id":"bd8b856e-1d9b-40e2-b0fd-adbd703d8e0a","sandbox_id":"bd8b856e-1d9b-40e2-b0fd-adbd703d8e0a","size":714929,"tags":[],"usage":{"last_update_time":1626777331814,"last_updated_at":"2021-07-20T10:35:31Z"}},"entity":{"wml_model":{"hybrid_pipeline_software_specs":[{"base_id":"a545cca3-02df-5c61-9e88-998b09dc79af","name":"autoai-kb_3.3-py3.7"}],"label_column":"winner","pipeline":{"id":"da044b32-1158-48b3-b27d-fb913a762c1b"},"ml_version":"4.0.9","type":"wml-hybrid_0.1","schemas":{"input":[{"fields":[{"name":"id","type":"integer"},{"name":"season","type":"integer"},{"name":"city","type":"other"},{"name":"date","type":"other"},{"name":"team1","type":"other"},{"name":"team2","type":"other"},{"name":"toss_winner","type":"other"},{"name":"toss_decision","type":"other"},{"name":"result","type":"other"},{"name":"dl_applied","type":"integer"},{"name":"win_by_runs","type":"integer"},{"name":"win_by_wickets","type":"integer"},{"name":"player_of_match","type":"other"},{"name":"venue","type":"other"},{"name":"umpire1","type":"other"},{"name":"umpire2","type":"other"},{"name":"umpire3","type":"other"}],"id":"auto_ai_kb_input_schema"}],"output":[]},"content_location":{"connection":{"access_key_id":"4952bc0055264505adeb6577966e421b","endpoint_url":"https://s3.eu.cloud-object-storage.appdomain.cloud","secret_access_key":"8ac0c48ca4fcaa37ffd623054ee0a5f97d749b1873a60fc2","accessKeyId":"4952bc0055264505adeb6577966e421b"},"contents":[{"content_format":"pipeline-node","file_name":"P3_automl.zip","location":"auto_ml/69e2f423-1cf0-4ea1-9ad1-af7d53a257a6/wml_data/eaa1e80a-6e97-4bb5-9df7-858b69b0794a/assets/eaa1e80a-6e97-4bb5-9df7-858b69b0794a_P3_cognito_output/resources/wml_model/P3_automl.zip","pipeline_node_id":"automl"},{"content_format":"native","file_name":"pipeline_model.json","location":"auto_ml/69e2f423-1cf0-4ea1-9ad1-af7d53a257a6/wml_data/eaa1e80a-6e97-4bb5-9df7-858b69b0794a/assets/eaa1e80a-6e97-4bb5-9df7-858b69b0794a_P3_cognito_output/resources/wml_model/pipeline_model.json"}],"location":{"path":"auto_ml/69e2f423-1cf0-4ea1-9ad1-af7d53a257a6/wml_data","notebooks_path":"auto_ml/69e2f423-1cf0-4ea1-9ad1-af7d53a257a6/wml_data/eaa1e80a-6e97-4bb5-9df7-858b69b0794a/notebooks","training":"auto_ml/69e2f423-1cf0-4ea1-9ad1-af7d53a257a6/wml_data/eaa1e80a-6e97-4bb5-9df7-858b69b0794a","training_status":"auto_ml/69e2f423-1cf0-4ea1-9ad1-af7d53a257a6/wml_data/eaa1e80a-6e97-4bb5-9df7-858b69b0794a/training-status.json","bucket":"superiplprediction-donotdelete-pr-jqqtnnxbizmfsh","type":"s3","assets_path":"auto_ml/69e2f423-1cf0-4ea1-9ad1-af7d53a257a6/wml_data/eaa1e80a-6e97-4bb5-9df7-858b69b0794a/assets"},"type":"s3"},"training_data_references":[{"connection":{"endpoint_url":"https://s3.eu.cloud-object-storage.appdomain.cloud","auth_endpoint":"https://iam.bluemix.net/oidc/token/","api_key":"IU_5TjUeadzvlnzVJivgVCspKOq3xQDIZqS6xxOTZ8xs","secret_access_key":"8ac0c48ca4fcaa37ffd623054ee0a5f97d749b1873a60fc2","access_key_id":"4952bc0055264505adeb6577966e421b","service_instance_id":"iam-ServiceId-c6489a73-b334-4a5d-bcce-1f9d8ab256be"},"location":{"bucket":"superiplprediction-donotdelete-pr-jqqtnnxbizmfsh","path":"matches.csv","type":"s3"},"schema":{"fields":[{"name":"id","type":"integer"},{"name":"season","type":"integer"},{"name":"city","type":"other"},{"name":"date","type":"other"},{"name":"team1","type":"other"},{"name":"team2","type":"other"},{"name":"toss_winner","type":"other"},{"name":"toss_decision","type":"other"},{"name":"result","type":"other"},{"name":"dl_applied","type":"integer"},{"name":"win_by_runs","type":"integer"},{"name":"win_by_wickets","type":"integer"},{"name":"player_of_match","type":"other"},{"name":"venue","type":"other"},{"name":"umpire1","type":"other"},{"name":"umpire2","type":"other"},{"name":"umpire3","type":"other"},{"name":"winner","type":"other"}],"id":"auto_ai_kb_input_schema"},"type":"s3"}],"software_spec":{"base_id":"8c1a58c6-62b5-4dc4-987a-df751c2756b6","name":"hybrid_0.1"},"content_import_state":"completed"}},"attachments":[{"id":"2e07970f-db3e-4e8e-9043-e88f1685265d","version":2,"asset_type":"wml_model","name":"P3_automl.zip","datasource_type":"193a97c1-4475-4a19-b90c-295c4fdc6517","object_key":"c971800f-edce-4e03-9398-217254d64b43/6d212b91-c485-4955-a4a4-8b564fbfcbd2/29366d6d-01ed-47c3-982c-fbf989e7496b","creator_id":"iam-ServiceId-f49c5558-c247-4983-a04f-7d3c7a3d55da","create_time":1626777331343,"size":713183,"is_remote":false,"is_managed":false,"is_referenced":true,"is_object_key_read_only":false,"is_user_provided_path_key":true,"transfer_complete":true,"is_partitioned":false,"complete_time_ticks":1626777331343,"user_data":{"content_format":"pipeline-node","pipeline_node_id":"automl"},"test_doc":0,"handle":{"bucket":"superipl-donotdelete-pr-ss2zwwoxdnvctl","location":"eu-geo","key":"c971800f-edce-4e03-9398-217254d64b43/6d212b91-c485-4955-a4a4-8b564fbfcbd2/29366d6d-01ed-47c3-982c-fbf989e7496b","upload_id":"done","max_part_num":1},"usage":{"access_count":0,"last_accessor_id":"iam-ServiceId-f49c5558-c247-4983-a04f-7d3c7a3d55da","last_access_time":1626777331343}},{"id":"65173e80-39e3-4bb6-a52e-1915843350f3","version":2,"asset_type":"wml_model","name":"pipeline_model.json","datasource_type":"193a97c1-4475-4a19-b90c-295c4fdc6517","object_key":"c971800f-edce-4e03-9398-217254d64b43/6d212b91-c485-4955-a4a4-8b564fbfcbd2/938eb993-dcf7-49aa-af65-65d3ad533101","creator_id":"iam-ServiceId-f49c5558-c247-4983-a04f-7d3c7a3d55da","create_time":1626777331545,"size":1746,"is_remote":false,"is_managed":false,"is_referenced":true,"is_object_key_read_only":false,"is_user_provided_path_key":true,"transfer_complete":true,"is_partitioned":false,"complete_time_ticks":1626777331545,"user_data":{"content_format":"native"},"test_doc":0,"handle":{"bucket":"superipl-donotdelete-pr-ss2zwwoxdnvctl","location":"eu-geo","key":"c971800f-edce-4e03-9398-217254d64b43/6d212b91-c485-4955-a4a4-8b564fbfcbd2/938eb993-dcf7-49aa-af65-65d3ad533101","upload_id":"done","max_part_num":1},"usage":{"access_count":0,"last_accessor_id":"iam-ServiceId-f49c5558-c247-4983-a04f-7d3c7a3d55da","last_access_time":1626777331545}}]}
